<?xml version='1.0'?>
<?xml-stylesheet type="text/xsl" href="http://docbook.sourceforge.net/release/xsl/current/xhtml/docbook.xsl"?>
<!DOCTYPE refentry PUBLIC "-//OASIS//DTD DocBook XML V4.2//EN"
  "http://www.oasis-open.org/docbook/xml/4.2/docbookx.dtd">

<!--
  This file is part of eudev, forked from systemd.

  Copyright 2014 Zbigniew Jędrzejewski-Szmek

  systemd is free software; you can redistribute it and/or modify it
  under the terms of the GNU Lesser General Public License as published by
  the Free Software Foundation; either version 2.1 of the License, or
  (at your option) any later version.

  systemd is distributed in the hope that it will be useful, but
  WITHOUT ANY WARRANTY; without even the implied warranty of
  MERCHANTABILITY or FITNESS FOR A PARTICULAR PURPOSE. See the GNU
  Lesser General Public License for more details.

  You should have received a copy of the GNU Lesser General Public License
  along with systemd; If not, see <http://www.gnu.org/licenses/>.
-->

<refentry id="udev.conf"
          xmlns:xi="http://www.w3.org/2001/XInclude">

  <refentryinfo>
    <title>udev.conf</title>
    <productname>eudev</productname>
    <authorgroup>
      <author>
        <contrib>Developer</contrib>
        <firstname>Kay</firstname>
        <surname>Sievers</surname>
        <email>kay@vrfy.org</email>
      </author>
    </authorgroup>
  </refentryinfo>

  <refmeta>
    <refentrytitle>udev.conf</refentrytitle>
    <manvolnum>5</manvolnum>
  </refmeta>

  <refnamediv>
    <refname>udev.conf</refname>
    <refpurpose>Configuration for device event managing daemon</refpurpose>
  </refnamediv>

  <refsynopsisdiv>
    <para><filename>/etc/udev/udev.conf</filename></para>
  </refsynopsisdiv>

  <refsect1>
    <title>Description</title>

    <para>
      <citerefentry><refentrytitle>udevd</refentrytitle><manvolnum>8</manvolnum></citerefentry>
      expects its main configuration file at
      <filename>/etc/udev/udev.conf</filename>. It consists of a set
      of variables allowing the user to override default udev
      values. All empty lines or lines beginning with '#' are
      ignored. The following variables can be set:
    </para>

    <variablelist>
      <varlistentry>
        <term><varname>udev_log</varname></term>

        <listitem>
          <para>The log level. Valid values are the numerical
          syslog priorities or their textual representations:
          <option>err</option>, <option>info</option> and
          <option>debug</option>.</para>
        </listitem>
      </varlistentry>
    </variablelist>

    <para>
      In addition, <filename>udevd</filename> can be configured
      by command-line options and the kernel command line (see
      <citerefentry><refentrytitle>udevd</refentrytitle><manvolnum>8</manvolnum></citerefentry>).
    </para>
  </refsect1>

  <refsect1>
    <title>See Also</title>
    <para>
      <citerefentry><refentrytitle>udevd</refentrytitle><manvolnum>8</manvolnum></citerefentry>,
      <citerefentry><refentrytitle>udev</refentrytitle><manvolnum>7</manvolnum></citerefentry>,
      <citerefentry><refentrytitle>udevadm</refentrytitle><manvolnum>8</manvolnum></citerefentry>
    </para>
  </refsect1>
</refentry>
